{"stats":{"minecraft:used":{"minecraft:dark_oak_log":1},"minecraft:mined":{"minecraft:tall_grass":2,"minecraft:grass":1,"minecraft:dark_oak_log":1},"minecraft:picked_up":{"minecraft:dark_oak_log":1},"minecraft:custom":{"minecraft:jump":44,"minecraft:time_since_rest":1711,"minecraft:damage_dealt":45,"minecraft:play_one_minute":1711,"minecraft:leave_game":1,"minecraft:sprint_one_cm":5445,"minecraft:time_since_death":1711,"minecraft:walk_one_cm":4531,"minecraft:fall_one_cm":418,"minecraft:fly_one_cm":8500}},"DataVersion":2586}